SquareFeet,Bedrooms,Bathrooms,Neighborhood,YearBuilt,Price
1710.0,2.0,1.0,Suburb,2016.0,266300
3210.0,5.0,4.0,Urban,2002.0,564200
2122.0,3.0,3.0,Suburb,2001.0,310500
2679.0,3.0,3.0,Rural,2001.0,387100
2335.0,3.0,2.0,Urban,1981.0,408500
3864.0,6.0,4.0,Suburb ,1993.0,585000
2423.0,4.0,2.0,Urban,1952.0,375900
1719.0,4.0,3.0,Rural,2008.0,309400
2699.0,4.0,4.0,Rural,1986.0,430700
813.0,2.0,2.0,Suburb,1976.0,152900
1272.0,2.0,1.0,Suburb,1981.0,222700
4085.0,6.0,5.0,Suburb,1997.0,616400
700.0,1.0,1.0,Rural,2010.0,110300
3589.0,5.0,4.0,Rural,1999.0,589100
1989.0,3.0,3.0,Urban,1981.0,353600
3882.0,6.0,4.0,Urban,1996.0,684700
2101.0,3.0,3.0,Rural,2000.0,324700
1920.0,2.0,2.0,Suburb,1996.0,311600
3330.0,6.0,5.0,Suburb,1979.0,504700
2949.0,4.0,3.0,Suburb,1985.0,464400
3914.0,5.0,5.0,Suburb,2008.0,598300
734.0,1.0,1.0,Urban,1981.0,189000
2360.0,4.0,3.0,Suburb,2004.0,377900
3146.0,5.0,4.0,Rural,2015.0,475300
2498.0,4.0,3.0,Suburb,2009.0,383200
1043.0,1.0,1.0,Suburb,2009.0,200800
2217.0,4.0,3.0,Suburb,2013.0,340100
3524.0,6.0,3.0,Rural,1952.0,490800
2906.0,6.0,4.0,Suburb,2014.0,445400
1594.0,3.0,2.0,Rural,1980.0,213800
3031.0,6.0,5.0,Rural,1972.0,466200
1895.0,3.0,2.0,Rural,2011.0,279600
1964.0,3.0,2.0,Suburb,1990.0,330300
3797.0,6.0,4.0,Suburb,1978.0,561400
2544.0,4.0,3.0,Urban,1962.0,438500
3224.0,5.0,3.0,Urban,2020.0,518800
3484.0,5.0,5.0,Urban,2008.0,567100
3833.0,6.0,5.0,Urban,1979.0,613600
4128.0,6.0,4.0,Rural,1971.0,559000
1567.0,2.0,2.0,Suburb,2018.0,219200
3503.0,5.0,3.0,Rural,1988.0,503000
3738.0,5.0,3.0,Suburb,2008.0,558500
3962.0,6.0,5.0,Suburb,1991.0,614600
2893.0,5.0,4.0,Suburb,1981.0,447200
3063.0,6.0,5.0,Suburb,1976.0,510400
1416.0,2.0,2.0,Suburb,1954.0,240600
2554.0,5.0,4.0,Suburb,1969.0,409600
2993.0,5.0,4.0,Suburb ,1970.0,514200
2484.0,4.0,3.0,Suburb,1987.0,395500
1795.0,2.0,1.0,Suburb,1966.0,268100
1054.0,1.0,1.0,Suburb,1973.0,190700
1646.0,2.0,1.0,Suburb,1969.0,284900
3331.0,5.0,4.0,Suburb,1989.0,516800
3552.0,6.0,4.0,Rural,1981.0,517200
3544.0,5.0,4.0,Suburb,1975.0,509700
4122.0,5.0,4.0,Urban,1993.0,654100
3174.0,5.0,4.0,Urban,2005.0,571600
3757.0,6.0,4.0,Urban,1979.0,629000
2124.0,3.0,3.0,Suburb,2019.0,354800
2535.0,4.0,4.0,Suburb,2012.0,401200
927.0,2.0,1.0,Urban,2017.0,182200
3693.0,5.0,4.0,Urban,2002.0,543800
1819.0,2.0,2.0,Rural,1969.0,238900
2699.0,5.0,4.0,Urban,2004.0,501400
3443.0,5.0,5.0,Suburb,2008.0,589400
2130.0,3.0,2.0,Rural,2013.0,306300
923.0,2.0,2.0,Suburb,1993.0,173200
3517.0,6.0,4.0,Rural,1970.0,534100
3592.0,5.0,4.0,Urban,2011.0,588000
2049.0,3.0,3.0,Rural,1977.0,285600
4023.0,6.0,5.0,Suburb,1995.0,570500
2510.0,5.0,2.0,Suburb,1981.0,414200
1051.0,1.0,1.0,Suburb,2008.0,181100
2990.0,5.0,3.0,Suburb,1967.0,459600
1329.0,2.0,2.0,Suburb,1971.0,190800
1373.0,3.0,2.0,Suburb,1954.0,225400
3428.0,5.0,4.0,,1981.0,535300
3640.0,6.0,4.0,Rural,1990.0,551400
1291.0,3.0,2.0,Suburb,2003.0,192700
3571.0,5.0,4.0,Urban,1994.0,589000
2473.0,2.0,1.0,Rural,1986.0,368600
2102.0,,2.0,Suburb,1991.0,337700
2833.0,4.0,2.0,Suburb,1969.0,357700
1898.0,4.0,3.0,Urban,1966.0,390400
3179.0,4.0,3.0,Suburb,1989.0,463500
3661.0,6.0,4.0,Suburb,2014.0,561300
4141.0,6.0,5.0,Suburb,1989.0,617900
1559.0,2.0,2.0,Suburb,1970.0,227000
1443.0,4.0,3.0,Rural,1987.0,229700
1639.0,3.0,2.0,Rural,1963.0,251700
1966.0,2.0,2.0,Suburb,1987.0,303200
1159.0,1.0,1.0,Rural,2009.0,194900
3853.0,6.0,5.0,Suburb,1973.0,579300
2924.0,5.0,4.0,Urban,2017.0,523500
2977.0,6.0,4.0,Rural,1976.0,483400
3582.0,6.0,3.0,Urban,2018.0,567500
2022.0,3.0,3.0,Suburb,1994.0,322900
1928.0,3.0,3.0,Suburb,1951.0,276900
762.0,1.0,1.0,Rural,1989.0,166500
2831.0,4.0,2.0,Suburb,2020.0,442400
3784.0,6.0,4.0,Rural,2011.0,542900
1169.0,3.0,2.0,Rural,1974.0,167000
3534.0,5.0,4.0,Urban,2014.0,583400
2169.0,3.0,3.0,Suburb,2021.0,311200
3663.0,6.0,3.0,Rural,1988.0,550900
4092.0,6.0,4.0,Suburb,2009.0,621600
1581.0,2.0,2.0,Rural,1985.0,254900
2289.0,4.0,3.0,Rural,1996.0,345400
3174.0,5.0,3.0,Rural,1968.0,448700
3727.0,6.0,4.0,Rural,1997.0,527000
3861.0,6.0,4.0,Rural,1974.0,545100
3562.0,5.0,4.0,Suburb,1990.0,550800
2655.0,3.0,2.0,Urban,1967.0,406100
981.0,2.0,1.0,Rural,1950.0,130300
1608.0,2.0,1.0,Suburb,1986.0,239600
3431.0,5.0,4.0,Urban,1962.0,551900
3137.0,4.0,3.0,Suburb,2010.0,449000
2798.0,4.0,3.0,Urban,1972.0,474900
2509.0,4.0,3.0,Urban,2011.0,448700
2598.0,4.0,4.0,Rural,1988.0,382100
3159.0,6.0,4.0,URBAN,1973.0,532700
4163.0,6.0,5.0,Suburb,1974.0,676200
1255.0,3.0,2.0,Rural,1983.0,216100
1939.0,2.0,2.0,Suburb,2007.0,299900
910.0,3.0,2.0,Urban,1988.0,217700
1472.0,3.0,2.0,Suburb,1954.0,171300
2412.0,3.0,3.0,Urban,1955.0,391600
3751.0,6.0,5.0,Urban,1996.0,640400
2972.0,5.0,4.0,Urban,1972.0,513200
3468.0,6.0,4.0,Suburb,1977.0,556000
1297.0,2.0,2.0,Urban,1972.0,246900
3247.0,5.0,4.0,Urban,1979.0,507400
1623.0,2.0,2.0,Suburb,1956.0,241300
2644.0,4.0,3.0,Rural,1973.0,384300
3637.0,6.0,5.0,Urban,2002.0,639900
2559.0,5.0,4.0,Suburb,1984.0,432200
3724.0,6.0,4.0,Suburb,1987.0,525500
2110.0,3.0,3.0,Suburb,1950.0,284700
2860.0,4.0,3.0,Suburb,1972.0,413700
1084.0,1.0,1.0,Suburb,2021.0,164100
3977.0,6.0,4.0,Rural,1987.0,567000
2994.0,4.0,3.0,Rural,1990.0,435900
3547.0,5.0,3.0,Suburb,1969.0,508900
1278.0,3.0,2.0,Rural,1985.0,219300
1869.0,3.0,2.0,Urban,1961.0,308900
3490.0,5.0,4.0,Rural,1964.0,487400
3861.0,6.0,4.0,Suburb,1951.0,573900
1023.0,2.0,1.0,Rural,1974.0,159700
2304.0,3.0,2.0,Urban,2014.0,402000
3236.0,5.0,3.0,Suburb,1975.0,471700
3250.0,6.0,5.0,Urban,2001.0,549000
2486.0,3.0,3.0,rural,1996.0,355800
4161.0,6.0,4.0,Rural,1961.0,582200
2578.0,4.0,3.0,Suburb,1991.0,378100
3545.0,5.0,3.0,Suburb,1966.0,541900
1481.0,2.0,1.0,Urban,1962.0,244900
1441.0,3.0,2.0,Urban,2018.0,287700
3799.0,6.0,5.0,Rural,1962.0,550800
2268.0,4.0,3.0,Suburb,2012.0,372800
1209.0,2.0,1.0,Suburb,2004.0,182100
3299.0,6.0,4.0,Rural,1952.0,484600
3420.0,4.0,3.0,Urban,2007.0,513300
2601.0,4.0,3.0,Suburb,2000.0,387600
3227.0,4.0,2.0,Rural,1984.0,451900
1074.0,2.0,1.0,Rural,1959.0,185800
2584.0,5.0,3.0,Urban,2014.0,473000
2733.0,4.0,3.0,Suburb,2021.0,443500
2313.0,5.0,3.0,Urban,1968.0,405400
2201.0,3.0,3.0,Urban,1975.0,337100
2036.0,3.0,2.0,Rural,1990.0,281900
940.0,1.0,1.0,Suburb,2001.0,163100
2879.0,4.0,3.0,Urban,1985.0,457100
2889.0,4.0,3.0,Urban,1962.0,480400
4145.0,6.0,4.0,Urban,2016.0,668700
2074.0,2.0,2.0,Suburb,2021.0,336000
2436.0,4.0,3.0,Urban,2020.0,399100
2305.0,4.0,3.0,Urban,1987.0,405600
3657.0,5.0,4.0,Urban,1995.0,613800
1867.0,3.0,2.0,Rural,1990.0,287300
2730.0,5.0,3.0,Urban,1994.0,449800
764.0,1.0,2.0,Suburb,1995.0,123700
1132.0,1.0,1.0,Rural,1970.0,143500
2719.0,4.0,2.0,Urban,1982.0,422200
2666.0,4.0,3.0,Urban,1959.0,406900
1274.0,2.0,1.0,Suburb,1963.0,194300
3764.0,5.0,4.0,Rural,2009.0,523000
4008.0,6.0,5.0,Rural,1962.0,605100
3529.0,5.0,3.0,Rural,1995.0,458900
3297.0,4.0,3.0,Rural,1997.0,478300
2134.0,4.0,3.0,Suburb,1988.0,333900
2274.0,3.0,2.0,Urban,1983.0,366000
2077.0,4.0,3.0,Urban,2000.0,377500
3278.0,4.0,4.0,Suburb,2013.0,447300
3027.0,5.0,4.0,Suburb,1971.0,433200
1411.0,1.0,1.0,Suburb,2019.0,222300
2790.0,4.0,3.0,Suburb,1950.0,411800
2132.0,3.0,3.0,Suburb,2014.0,323300
2028.0,4.0,3.0,Suburb,2010.0,354700
1359.0,1.0,1.0,Urban,1988.0,264600
2222.0,3.0,2.0,Urban,2009.0,403800
2577.0,4.0,4.0,Rural,1974.0,392200
4161.0,6.0,5.0,Rural,1981.0,678900
679.0,1.0,1.0,Suburb,1998.0,115100
2042.0,3.0,2.0,Urban,1997.0,416900
3357.0,4.0,3.0,Suburb,1973.0,487700
3544.0,5.0,4.0,Rural,1980.0,506300
3501.0,6.0,4.0,urban,1951.0,572700
2363.0,4.0,4.0,Suburb,1975.0,429600
3465.0,5.0,4.0,Urban,1999.0,579000
2212.0,4.0,3.0,Rural,1996.0,330500
2493.0,3.0,3.0,Urban,2008.0,436700
1284.0,1.0,1.0,Rural,1973.0,197600
825.0,1.0,1.0,Urban,1952.0,216300
4056.0,6.0,5.0,Suburb,2000.0,642300
1202.0,2.0,2.0,Rural,1961.0,148200
2493.0,5.0,4.0,Rural,1981.0,351900
3131.0,5.0,4.0,Urban,1991.0,507300
3563.0,6.0,4.0,Rural,1984.0,525600
2508.0,4.0,4.0,Urban,1984.0,437200
2528.0,5.0,3.0,Urban,1954.0,468300
1743.0,2.0,2.0,Urban,2010.0,350700
3761.0,6.0,5.0,Suburb,1970.0,577100
727.0,1.0,1.0,Suburb,1950.0,114900
4081.0,6.0,5.0,Urban,1991.0,648600
2478.0,3.0,2.0,Urban,2015.0,424800
2096.0,3.0,2.0,Urban,1991.0,336000
2151.0,3.0,2.0,Rural,1996.0,306100
2569.0,4.0,3.0,Suburb,1950.0,386100
3750.0,4.0,3.0,Suburb,2013.0,553600
3050.0,4.0,3.0,Urban,2010.0,524500
2953.0,4.0,3.0,Rural,1958.0,397800
2007.0,4.0,3.0,Urban,1988.0,394000
1409.0,2.0,1.0,Suburb,1965.0,203700
4035.0,6.0,5.0,Suburb,1986.0,592900
3912.0,6.0,4.0,Urban,1993.0,648300
1258.0,2.0,2.0,Suburb,1958.0,188400
1346.0,2.0,2.0,Suburb,1957.0,223600
4187.0,6.0,4.0,Rural,2015.0,621000
2312.0,3.0,1.0,Suburb,2000.0,359500
1484.0,2.0,1.0,Urban,1989.0,247900
2989.0,4.0,4.0,Urban,2010.0,502700
3947.0,6.0,4.0,Urban,2010.0,673400
3195.0,6.0,4.0,Rural,1990.0,481200
3557.0,5.0,4.0,Suburb,1991.0,498700
1685.0,1.0,1.0,Urban,2004.0,288300
2842.0,5.0,3.0,Urban,2019.0,498400
1550.0,3.0,2.0,Suburb,1972.0,244300
2358.0,4.0,3.0,Urban,1996.0,425200
1862.0,3.0,2.0,Rural,2017.0,250300
2106.0,2.0,1.0,Suburb,1993.0,285800
2255.0,4.0,3.0,Rural,1951.0,322000
4127.0,6.0,5.0,Rural,2011.0,610400
1574.0,3.0,2.0,Rural,2019.0,307700
3842.0,5.0,4.0,Suburb,1980.0,579800
1889.0,2.0,2.0,Suburb,1997.0,318300
834.0,2.0,1.0,urban,1953.0,223900
2692.0,4.0,3.0,Urban,1980.0,471800
3784.0,6.0,5.0,Rural,2004.0,555100
4116.0,5.0,4.0,Suburb,1986.0,606700
3896.0,5.0,4.0,Suburb,1977.0,556400
3339.0,5.0,4.0,Urban,1997.0,569800
783.0,2.0,2.0,Rural,1999.0,130200
2598.0,4.0,3.0,Rural,1992.0,408000
2182.0,3.0,2.0,Suburb,2011.0,311300
1949.0,4.0,3.0,Urban,2012.0,370900
1328.0,2.0,2.0,Rural,1970.0,182900
3359.0,5.0,4.0,Urban,1955.0,516200
938.0,2.0,1.0,Rural,1988.0,161800
730.0,2.0,2.0,Suburb,1973.0,162800
4126.0,6.0,5.0,Urban,1969.0,691500
873.0,2.0,2.0,Rural,1959.0,121600
1296.0,2.0,1.0,Suburb,1960.0,215100
880.0,1.0,1.0,Rural,1995.0,113600
3103.0,5.0,4.0,Urban,1978.0,532900
742.0,1.0,1.0,Rural,1964.0,101400
714.0,1.0,1.0,Rural,1971.0,127500
2363.0,4.0,3.0,Rural,2002.0,362800
1721.0,3.0,3.0,Suburb,1979.0,295800
719.0,1.0,1.0,Urban,1962.0,132000
2506.0,4.0,3.0,Urban,2009.0,435600
1468.0,2.0,2.0,Suburb,1999.0,220100
1052.0,2.0,1.0,Suburb,1986.0,180000
3920.0,6.0,5.0,Rural,1974.0,545000
2089.0,3.0,2.0,Suburb,1983.0,328800
1650.0,3.0,2.0,Suburb,2020.0,283800
1141.0,1.0,1.0,Suburb,1989.0,159400
2890.0,3.0,3.0,Suburb,1987.0,438300
1494.0,2.0,2.0,Suburb,1970.0,245000
1667.0,1.0,1.0,Urban,1968.0,303200
1125.0,1.0,1.0,Suburb,1969.0,173400
2800.0,4.0,3.0,Suburb,1977.0,367400
1561.0,2.0,2.0,Rural,1995.0,250500
4150.0,6.0,5.0,Urban,2012.0,635600
2585.0,5.0,3.0,Rural,1996.0,406100
1760.0,3.0,2.0,Rural,1958.0,232900
3982.0,6.0,5.0,Rural,1983.0,561100
2672.0,5.0,4.0,Suburb,2006.0,435500
3471.0,5.0,4.0,Rural,1960.0,527900
1136.0,2.0,3.0,Suburb,2010.0,262000
1632.0,2.0,2.0,Urban,2010.0,338300
885.0,2.0,2.0,Suburb,2005.0,196700
3813.0,6.0,4.0,URBAN,1998.0,610700
2288.0,4.0,3.0,SUBURB,1996.0,379700
1676.0,2.0,1.0,Suburb,1984.0,265500
2337.0,5.0,4.0,Urban,1956.0,436200
694.0,1.0,1.0,Suburb,1982.0,145100
1554.0,2.0,1.0,Suburb,1996.0,225000
2991.0,4.0,3.0,Suburb,1980.0,421600
1693.0,2.0,2.0,Rural,1969.0,285800
2777.0,4.0,3.0,Urban,1974.0,453500
1116.0,2.0,1.0,Rural,1990.0,168100
4150.0,6.0,5.0,Suburb,1973.0,613600
1616.0,2.0,1.0,Suburb,2014.0,250400
1358.0,2.0,2.0,Urban,1972.0,248900
806.0,2.0,1.0,Suburb,2005.0,174400
794.0,1.0,1.0,Suburb,2004.0,161800
2763.0,4.0,3.0,Suburb,1974.0,439000
985.0,1.0,1.0,Suburb,2003.0,162300
2854.0,4.0,3.0,Rural,1976.0,392300
3839.0,6.0,4.0,Urban,1999.0,595800
3131.0,4.0,2.0,Urban,1992.0,473900
2454.0,5.0,4.0,Rural,2012.0,409100
4068.0,6.0,4.0,Urban,2001.0,692900
2224.0,3.0,2.0,Rural,1979.0,322700
2483.0,4.0,4.0,Suburb,1991.0,391400
3192.0,5.0,5.0,Suburb,2008.0,518800
3325.0,6.0,5.0,Urban,1972.0,584500
2439.0,4.0,3.0,Rural,1959.0,355000
1052.0,2.0,1.0,Suburb,1954.0,171000
1646.0,2.0,2.0,Rural,1954.0,272400
2925.0,4.0,3.0,Rural,1979.0,451500
2386.0,4.0,3.0,SUBURB,1973.0,361200
2515.0,5.0,4.0,Suburb,1987.0,412700
1205.0,1.0,2.0,Urban,1966.0,205600
1465.0,3.0,3.0,Suburb,1979.0,300700
960.0,1.0,1.0,Rural,1970.0,125900
3806.0,6.0,5.0,Urban,1999.0,638600
4037.0,6.0,4.0,Rural,2008.0,589700
2841.0,5.0,4.0,Suburb,1994.0,470600
2407.0,3.0,2.0,Suburb,1953.0,338300
2999.0,4.0,3.0,Urban,1990.0,469800
2730.0,4.0,2.0,Rural,1988.0,409200
743.0,1.0,2.0,Urban,1995.0,177400
3373.0,6.0,5.0,Urban,1966.0,571900
3701.0,6.0,4.0,Suburb,1966.0,538500
3001.0,5.0,4.0,Urban,1996.0,516300
3595.0,6.0,4.0,Urban,1998.0,562900
973.0,1.0,1.0,Suburb,2021.0,115900
2602.0,5.0,3.0,Suburb,1960.0,384700
2714.0,4.0,3.0,Suburb,1976.0,436300
3290.0,5.0,4.0,Suburb,1988.0,488600
2367.0,4.0,3.0,Rural,1956.0,353400
2057.0,3.0,2.0,Suburb,1953.0,278800
3660.0,6.0,5.0,Rural,1986.0,554000
2755.0,5.0,4.0,Urban,1975.0,498600
4090.0,6.0,5.0,Urban,1953.0,646100
1201.0,3.0,3.0,Suburb,2001.0,234200
2305.0,5.0,4.0,Suburb,1950.0,327100
3520.0,5.0,5.0,Urban,1958.0,540300
2150.0,3.0,2.0,Urban,2020.0,343600
2535.0,4.0,3.0,Urban,1957.0,462400
3794.0,6.0,5.0,Rural,1966.0,558100
2493.0,3.0,3.0,Suburb,1982.0,376900
3451.0,4.0,4.0,Urban,1956.0,550700
4132.0,6.0,4.0,Suburb,1975.0,617400
3755.0,6.0,5.0,Rural,1999.0,546200
4100.0,6.0,5.0,Suburb,2008.0,666900
732.0,1.0,1.0,Urban,2012.0,195700
2638.0,5.0,3.0,Rural,2015.0,381500
738.0,2.0,1.0,Urban,2007.0,174600
1461.0,2.0,3.0,Urban,1964.0,309400
1339.0,2.0,2.0,Rural,1963.0,182100
3132.0,5.0,4.0,Urban,2010.0,521400
3895.0,6.0,5.0,Suburb,1957.0,546000
2660.0,5.0,4.0,Suburb,1964.0,417300
915.0,1.0,1.0,Urban,1954.0,176300
1861.0,4.0,4.0,Suburb,1985.0,328100
2834.0,5.0,4.0,Urban,1992.0,481800
1904.0,3.0,2.0,Suburb,2003.0,361200
2783.0,4.0,3.0,Rural,1979.0,383100
1779.0,3.0,2.0,Suburb,2005.0,307100
2344.0,4.0,3.0,Rural,2003.0,329600
3948.0,6.0,5.0,Suburb,2009.0,632500
1857.0,4.0,3.0,Urban,1992.0,342400
2467.0,4.0,3.0,Urban,1965.0,420400
1662.0,3.0,2.0,Suburb,1965.0,269100
811.0,1.0,1.0,Urban,1983.0,176500
1572.0,2.0,1.0,Urban,1993.0,253500
2150.0,3.0,2.0,Rural,1983.0,340300
1131.0,3.0,2.0,Urban,1975.0,238000
1590.0,1.0,1.0,Urban,1997.0,307100
2359.0,4.0,3.0,Suburb,1961.0,377500
1130.0,1.0,2.0,Suburb,1965.0,188200
1187.0,3.0,2.0,Rural,2001.0,173100
661.0,2.0,1.0,Rural,1986.0,112400
2651.0,4.0,3.0,Suburb,1959.0,447600
3365.0,6.0,4.0,Urban,1997.0,573400
2123.0,3.0,1.0,Urban,1978.0,328800
3062.0,5.0,3.0,Suburb,2015.0,451300
3738.0,6.0,4.0,Urban,1972.0,654400
1501.0,2.0,3.0,Suburb,1963.0,220300
2980.0,5.0,3.0,Suburb,1995.0,490000
664.0,1.0,1.0,Urban,2004.0,157900
2196.0,3.0,2.0,Suburb,1968.0,333100
1908.0,3.0,2.0,Rural,2012.0,281900
3096.0,4.0,3.0,Urban,1980.0,478900
2953.0,5.0,4.0,Rural,1977.0,459900
3510.0,6.0,5.0,Urban,2008.0,608200
3540.0,6.0,5.0,Suburb,2013.0,517200
1192.0,2.0,2.0,Suburb,2010.0,224300
735.0,1.0,1.0,Rural,2005.0,90000
4024.0,6.0,5.0,Rural,1959.0,525000
2676.0,5.0,4.0,Suburb,1965.0,425100
1870.0,4.0,3.0,Urban,2015.0,374200
1170.0,2.0,2.0,Suburb,1974.0,241600
1477.0,2.0,2.0,Suburb,1960.0,257300
699.0,1.0,1.0,Suburb,1979.0,103800
1602.0,2.0,2.0,Suburb,1997.0,228100
3104.0,5.0,4.0,Urban,1997.0,567400
1566.0,2.0,2.0,Urban,1952.0,276500
695.0,1.0,1.0,Rural,1987.0,112800
3085.0,6.0,4.0,Suburb,1954.0,495100
1111.0,1.0,1.0,Urban,2008.0,188900
1414.0,2.0,2.0,Urban,2016.0,279100
3173.0,5.0,3.0,Urban,1990.0,512400
2207.0,3.0,2.0,Suburb,2001.0,339700
2366.0,3.0,2.0,Urban,1995.0,395600
2050.0,4.0,2.0,Suburb,1958.0,329100
3677.0,6.0,5.0,Suburb,1976.0,585400
3025.0,5.0,2.0,Suburb,1967.0,472400
3941.0,6.0,5.0,Urban,2006.0,620100
4175.0,6.0,5.0,Rural,1973.0,640500
2362.0,3.0,2.0,Suburb,2007.0,381900
1695.0,2.0,1.0,Suburb,2005.0,262900
3078.0,4.0,3.0,Suburb,1967.0,450300
1437.0,2.0,2.0,Suburb,2010.0,233900
3843.0,6.0,5.0,Rural,2004.0,585800
2308.0,4.0,3.0,Suburb,2018.0,376300
2500.0,3.0,2.0,Urban,1975.0,401300
2479.0,5.0,4.0,Urban,1959.0,443700
2919.0,4.0,2.0,Suburb,1951.0,434800
1747.0,3.0,2.0,Suburb,1997.0,294200
1414.0,2.0,2.0,Rural,2019.0,245300
1038.0,3.0,2.0,Urban,1962.0,253300
770.0,1.0,1.0,Suburb,2014.0,132100
3029.0,4.0,3.0,Suburb,2006.0,479700
1085.0,1.0,1.0,Suburb,1964.0,147900
2646.0,4.0,3.0,Rural,2020.0,401300
2273.0,2.0,2.0,Suburb,1951.0,356500
4063.0,6.0,5.0,Suburb,1963.0,607100
2206.0,4.0,4.0,Rural,2019.0,351500
1920.0,3.0,3.0,Suburb,2013.0,264500
795.0,1.0,1.0,Suburb,1973.0,135200
3373.0,5.0,4.0,Suburb,1985.0,519400
3104.0,5.0,3.0,Urban,1962.0,546600
1356.0,2.0,2.0,Suburb,2006.0,230500
2050.0,4.0,4.0,Suburb,1976.0,337700
2129.0,3.0,3.0,Suburb,1991.0,366500
2558.0,4.0,3.0,Suburb,2008.0,396700
3794.0,6.0,4.0,Suburb,1964.0,586400
3980.0,6.0,5.0,Suburb,1988.0,624900
1086.0,2.0,1.0,Rural,2013.0,171200
3018.0,6.0,5.0,Urban,1989.0,521500
892.0,1.0,1.0,Suburb,2005.0,119300
2800.0,4.0,3.0,Urban,1970.0,428800
3587.0,6.0,4.0,Suburb,1951.0,537300
2906.0,5.0,4.0,Urban,1998.0,488400
3237.0,4.0,4.0,Suburb,1971.0,517100
2993.0,4.0,3.0,Urban,2004.0,528500
4104.0,6.0,4.0,Urban,1982.0,634600
979.0,1.0,1.0,Urban,1968.0,196900
1291.0,1.0,1.0,Urban,2017.0,260900
1991.0,3.0,2.0,Urban,1975.0,341700
2860.0,4.0,3.0,Suburb,2010.0,476000
1899.0,4.0,3.0,Suburb,1968.0,257000
1751.0,2.0,1.0,Urban,1963.0,280000
1681.0,2.0,1.0,Urban,1991.0,315600
824.0,2.0,2.0,Suburb,1990.0,152900
3525.0,6.0,5.0,Rural,1959.0,535600
3417.0,6.0,4.0,Urban,2011.0,538800
3948.0,6.0,4.0,Suburb,2018.0,637000
2101.0,3.0,3.0,Urban,1966.0,390800
1041.0,1.0,1.0,Urban,2010.0,219900
3230.0,5.0,4.0,Suburb,2000.0,516900
3360.0,5.0,3.0,Suburb,1993.0,491400
993.0,2.0,1.0,Rural,1990.0,119700
2385.0,4.0,3.0,Suburb,1959.0,329300
3660.0,5.0,4.0,Urban,1962.0,597900
1332.0,1.0,1.0,Rural,1999.0,180800
2948.0,3.0,2.0,Rural,1997.0,421000
2483.0,4.0,3.0,Urban,1996.0,403800
3575.0,5.0,4.0,Rural,1956.0,506100
3219.0,6.0,4.0,Suburb,1975.0,508200
1210.0,2.0,1.0,Suburb,1979.0,231300
2393.0,4.0,2.0,Urban,1965.0,383200
702.0,1.0,1.0,Suburb,2018.0,160300
2694.0,4.0,3.0,Rural,1966.0,400900
2412.0,4.0,2.0,Suburb,1970.0,347200
2388.0,4.0,2.0,Suburb,1978.0,354000
1455.0,2.0,2.0,Suburb,1980.0,219100
1335.0,3.0,2.0,Urban,1978.0,268200
1824.0,3.0,2.0,Urban,1965.0,316200
3313.0,5.0,4.0,Rural,1964.0,458400
1755.0,4.0,3.0,Suburb,2006.0,327300
3790.0,6.0,5.0,Suburb,1976.0,607200
1960.0,3.0,2.0,Rural,1950.0,295500
1133.0,2.0,1.0,Rural,1966.0,154400
861.0,1.0,1.0,Suburb,1952.0,165400
3774.0,5.0,4.0,Suburb,2013.0,584900
1999.0,2.0,1.0,Suburb,1969.0,265100
4120.0,6.0,5.0,Urban,1996.0,685400
3721.0,6.0,5.0,Urban,1996.0,635700
2436.0,4.0,3.0,Suburb,2012.0,378900
1588.0,2.0,2.0,Suburb,1979.0,226800
1648.0,2.0,1.0,Suburb,2008.0,270400
1715.0,2.0,1.0,Rural,1963.0,174900
1810.0,2.0,2.0,Rural,2001.0,259200
1110.0,2.0,1.0,Urban,1951.0,241600
3766.0,5.0,3.0,Suburb,1953.0,511400
4074.0,6.0,3.0,Urban,2004.0,653200
1793.0,3.0,2.0,Urban,1952.0,329100
2366.0,3.0,2.0,Suburb,2008.0,376900
2257.0,2.0,3.0,Rural,1952.0,300500
2798.0,5.0,4.0,Urban,2010.0,479600
2253.0,4.0,3.0,Urban,1987.0,419600
769.0,1.0,2.0,Suburb,1954.0,149400
3098.0,4.0,2.0,Suburb,1961.0,426000
3685.0,5.0,4.0,Suburb,1978.0,515800
883.0,2.0,1.0,Suburb,1984.0,132800
4198.0,6.0,4.0,Suburb,1977.0,654300
3563.0,5.0,4.0,Rural,1961.0,486300
3425.0,5.0,4.0,Urban,1991.0,566200
2923.0,5.0,4.0,Urban,1974.0,490400
1016.0,2.0,1.0,Urban,1953.0,211300
3310.0,5.0,3.0,Suburb,1950.0,501400
2801.0,4.0,3.0,Suburb,2005.0,414400
1016.0,2.0,2.0,Urban,1951.0,218200
3989.0,6.0,4.0,Urban,1991.0,626400
3771.0,6.0,4.0,Suburb,2017.0,597600
1425.0,2.0,1.0,Urban,1988.0,278000
2912.0,5.0,3.0,Suburb,1994.0,467100
3705.0,6.0,4.0,Suburb,1974.0,577300
3895.0,6.0,4.0,Rural,1973.0,550400
2291.0,4.0,2.0,Suburb,1982.0,347000
2490.0,3.0,3.0,Urban,1964.0,437700
1592.0,1.0,1.0,Rural,1991.0,210400
1903.0,2.0,2.0,Rural,1979.0,290200
2402.0,3.0,1.0,Suburb,1960.0,337900
798.0,1.0,1.0,Suburb,2001.0,163400
3408.0,6.0,4.0,Rural,1957.0,500300
1552.0,2.0,1.0,Suburb,1951.0,199900
1072.0,2.0,1.0,Suburb,2020.0,189900
2319.0,3.0,2.0,Rural,1997.0,350600
3265.0,5.0,4.0,Urban,2000.0,564800
3277.0,5.0,3.0,Suburb,1977.0,461500
3322.0,5.0,5.0,Rural,1962.0,526400
3373.0,5.0,4.0,Suburb,1992.0,486300
4090.0,6.0,5.0,Urban,1986.0,644300
2545.0,5.0,4.0,Suburb,2008.0,461600
2777.0,4.0,2.0,Suburb,2013.0,391000
995.0,2.0,1.0,Suburb,2005.0,149000
3447.0,5.0,4.0,Urban,1988.0,570500
1403.0,2.0,3.0,Rural,1977.0,236100
1125.0,2.0,1.0,Suburb,2019.0,199600
3450.0,6.0,5.0,Urban,1960.0,563400
2154.0,4.0,3.0,Rural,1980.0,347600
3142.0,3.0,2.0,Urban,1968.0,456000
3879.0,6.0,5.0,Suburb,2017.0,575500
888.0,1.0,1.0,Suburb,1954.0,131900
3287.0,5.0,4.0,Urban,1956.0,512000
2262.0,3.0,2.0,Suburb,2017.0,378900
3911.0,6.0,5.0,Suburb,1957.0,604500
1422.0,3.0,2.0,SUBURB,2000.0,232200
2805.0,5.0,3.0,Urban,1967.0,459200
2767.0,5.0,3.0,Suburb,2004.0,441300
2263.0,3.0,2.0,Suburb,1962.0,337000
4033.0,6.0,4.0,Suburb,1986.0,620700
942.0,1.0,1.0,Urban,2013.0,238600
987.0,1.0,2.0,Urban,1967.0,177800
2623.0,2.0,1.0,Rural,1965.0,328600
3743.0,6.0,4.0,Suburb,1961.0,539900
2090.0,4.0,3.0,Rural,1995.0,327600
2948.0,5.0,4.0,Suburb,1996.0,438300
1263.0,2.0,1.0,Suburb,1970.0,196900
4082.0,6.0,5.0,Suburb,2000.0,613300
1632.0,3.0,2.0,Suburb,1998.0,312300
2151.0,5.0,4.0,Rural,1987.0,350500
4026.0,6.0,5.0,Rural,1958.0,600700
741.0,2.0,2.0,Urban,2007.0,219200
2366.0,3.0,3.0,Rural,2010.0,353200
3302.0,5.0,4.0,Urban,1984.0,531900
3374.0,6.0,4.0,Urban,1984.0,558200
2881.0,5.0,5.0,Suburb,1968.0,434400
3027.0,4.0,3.0,Urban,1965.0,487700
2136.0,5.0,4.0,Urban,1974.0,358900
2824.0,5.0,4.0,Suburb,1961.0,417200
2778.0,4.0,3.0,Rural,1987.0,394000
2118.0,4.0,2.0,Rural,2010.0,314800
1144.0,2.0,1.0,Suburb,2006.0,198100
1945.0,3.0,2.0,Rural,2004.0,301900
1119.0,2.0,1.0,Urban,2014.0,258900
3472.0,5.0,3.0,Urban,1994.0,538300
3611.0,5.0,5.0,Urban,1984.0,599100
4026.0,6.0,5.0,Suburb,1984.0,624500
3267.0,5.0,4.0,Rural,1970.0,432400
1413.0,2.0,1.0,Urban,2014.0,282100
1703.0,1.0,1.0,Suburb,1995.0,265900
972.0,2.0,2.0,Urban,1956.0,206900
3677.0,5.0,4.0,Rural,2009.0,574700
3752.0,5.0,4.0,Suburb,1957.0,553600
3678.0,5.0,3.0,Rural,2018.0,496000
3368.0,5.0,2.0,Rural,2016.0,458600
785.0,1.0,1.0,Suburb,2013.0,164000
4043.0,6.0,5.0,Suburb,1981.0,594500
3314.0,6.0,5.0,Suburb,1954.0,539000
1618.0,3.0,2.0,Suburb,1952.0,231400
3766.0,5.0,3.0,Urban,2003.0,621800
3464.0,5.0,3.0,Rural,2008.0,513800
3015.0,4.0,4.0,Suburb,1987.0,480700
2848.0,3.0,2.0,Urban,1963.0,421000
3188.0,5.0,4.0,Suburb,1957.0,460500
3689.0,6.0,4.0,Urban,1961.0,610100
3882.0,6.0,4.0,Rural,1955.0,540000
992.0,1.0,1.0,Urban,1957.0,197800
833.0,2.0,1.0,Urban,1962.0,197100
1241.0,2.0,2.0,Rural,1979.0,206400
668.0,1.0,1.0,Rural,1987.0,125700
862.0,2.0,2.0,Suburb,1990.0,150500
1353.0,2.0,2.0,Urban,1989.0,282400
3200.0,5.0,3.0,Suburb,2005.0,525200
1915.0,4.0,2.0,Suburb,1976.0,264000
3891.0,5.0,3.0,Urban,1993.0,596000
1204.0,2.0,2.0,Suburb,2021.0,212000
3200.0,5.0,3.0,Rural,2000.0,473300
4064.0,6.0,4.0,Suburb,,556900
1146.0,2.0,1.0,Suburb,1990.0,210300
1523.0,3.0,2.0,Rural,1960.0,267800
1832.0,2.0,2.0,Rural,1966.0,288400
904.0,2.0,2.0,Suburb,2014.0,168100
3248.0,5.0,4.0,Suburb,1982.0,497000
4063.0,6.0,5.0,Suburb,1971.0,578200
3327.0,5.0,4.0,Rural,1994.0,497300
1393.0,3.0,2.0,Suburb,1984.0,205600
1516.0,3.0,1.0,Suburb,2000.0,238000
2485.0,3.0,2.0,Urban,1956.0,406000
907.0,1.0,1.0,Rural,1988.0,127000
3933.0,6.0,4.0,Rural,2012.0,571600
3621.0,6.0,5.0,Suburb,2013.0,562100
2610.0,3.0,2.0,Suburb,1988.0,354800
1305.0,2.0,1.0,Rural,1955.0,185600
4135.0,6.0,4.0,Urban,1989.0,671500
2418.0,4.0,3.0,Rural,1963.0,362900
2965.0,5.0,4.0,Rural,2003.0,478600
1560.0,2.0,2.0,Suburb,1959.0,235600
3109.0,5.0,3.0,Suburb,1961.0,454300
4070.0,5.0,4.0,Suburb,1966.0,577800
1649.0,3.0,2.0,Suburb,1954.0,264600
919.0,1.0,1.0,Urban,1994.0,221600
1693.0,4.0,3.0,Suburb,1968.0,280200
2153.0,4.0,3.0,Suburb,1950.0,369500
2448.0,4.0,3.0,Rural,1963.0,417300
3275.0,4.0,3.0,Suburb,1969.0,491000
4003.0,5.0,4.0,Rural,2003.0,605700
699.0,1.0,1.0,Suburb,2004.0,119700
2112.0,1.0,1.0,Urban,1960.0,325700
2460.0,4.0,3.0,Suburb,2011.0,379600
2460.0,4.0,3.0,Urban,1992.0,438100
1421.0,3.0,3.0,Urban,1979.0,285800
1950.0,4.0,3.0,Rural,1956.0,262600
3141.0,5.0,3.0,Suburb,1980.0,475100
2662.0,4.0,3.0,Rural,2005.0,429600
4108.0,6.0,4.0,Suburb,2020.0,627800
1489.0,2.0,1.0,Rural,1971.0,195600
3922.0,6.0,4.0,Suburb,1996.0,588500
1093.0,2.0,2.0,Urban,1968.0,303200
1651.0,3.0,3.0,Rural,2007.0,240000
3410.0,5.0,4.0,Rural,2014.0,548000
1443.0,2.0,2.0,Urban,2019.0,298700
1284.0,2.0,1.0,Urban,1979.0,265300
1762.0,2.0,1.0,Rural,1950.0,250900
1475.0,3.0,2.0,Suburb,2010.0,280400
1638.0,2.0,2.0,Suburb,1981.0,269100
940.0,2.0,1.0,Rural,2021.0,187900
2335.0,3.0,2.0,Suburb,1965.0,349900
3790.0,5.0,4.0,Rural,1958.0,551700
3473.0,5.0,4.0,Rural,2010.0,502200
694.0,1.0,1.0,Urban,1992.0,181600
2280.0,4.0,3.0,Rural,2012.0,351200
3902.0,6.0,5.0,Suburb,1960.0,626500
3753.0,6.0,5.0,Urban,2015.0,624800
3082.0,4.0,2.0,Suburb,1987.0,445000
3990.0,6.0,5.0,Rural,1956.0,576900
3280.0,5.0,3.0,Suburb,1967.0,457400
962.0,1.0,1.0,Suburb,1977.0,150000
3217.0,5.0,4.0,Suburb,2008.0,497400
1705.0,2.0,2.0,Suburb,1972.0,265200
2023.0,4.0,3.0,Rural,2000.0,320700
847.0,1.0,1.0,Rural,1984.0,95500
2116.0,3.0,3.0,Rural,1998.0,314800
4020.0,6.0,5.0,Suburb,1987.0,620900
1413.0,2.0,2.0,Suburb,2009.0,204900
726.0,2.0,1.0,Rural,2020.0,107900
2375.0,4.0,2.0,Rural,1952.0,339600
2591.0,4.0,3.0,Urban,2012.0,429600
3715.0,5.0,3.0,Suburb,1964.0,563700
3729.0,6.0,5.0,Suburb,1961.0,584600
2033.0,3.0,3.0,Suburb,2000.0,313900
3483.0,6.0,5.0,Urban,1988.0,597200
2601.0,4.0,3.0,Urban,1953.0,452200
2541.0,4.0,3.0,Urban,1995.0,433800
2900.0,4.0,3.0,suburb,2008.0,437900
,4.0,2.0,Urban,1963.0,481000
2776.0,5.0,3.0,Rural,1998.0,439900
3520.0,6.0,5.0,Suburb,2014.0,559500
3807.0,6.0,5.0,Suburb,1959.0,559200
2827.0,4.0,2.0,Suburb,2009.0,418900
655.0,2.0,2.0,Urban,2003.0,191300
4166.0,6.0,4.0,Suburb,2021.0,655600
1832.0,3.0,3.0,Rural,1977.0,288200
2822.0,4.0,3.0,Urban,1968.0,501600
3126.0,4.0,3.0,Suburb,1989.0,507400
1304.0,2.0,1.0,Suburb,1963.0,207600
,5.0,4.0,Suburb,2017.0,502600
1471.0,2.0,2.0,Suburb,1978.0,261000
2733.0,5.0,3.0,Rural,2002.0,389500
1726.0,4.0,3.0,Rural,1984.0,284800
3545.0,6.0,5.0,Suburb,1975.0,563200
2958.0,4.0,3.0,Urban,2015.0,463200
3482.0,5.0,4.0,Urban,1958.0,534300
1780.0,1.0,1.0,Suburb,1978.0,258200
4139.0,6.0,4.0,Rural,2013.0,596600
3483.0,5.0,3.0,Rural,1997.0,511300
2882.0,4.0,2.0,Rural,1979.0,424900
3337.0,5.0,4.0,Suburb,2011.0,534300
1297.0,2.0,1.0,Suburb,1972.0,182200
2289.0,4.0,3.0,Suburb,2001.0,362300
2244.0,4.0,3.0,Urban,1992.0,412500
4074.0,6.0,4.0,Suburb,1971.0,595200
2361.0,3.0,2.0,Rural,1994.0,338700
1940.0,2.0,2.0,Suburb,1995.0,309400
2023.0,3.0,3.0,Suburb,1973.0,323900
3098.0,4.0,3.0,Suburb,1995.0,461600
1749.0,3.0,2.0,Suburb,1985.0,273000
2385.0,3.0,1.0,Suburb,1951.0,327900
2132.0,3.0,3.0,Suburb,1985.0,312800
960.0,2.0,2.0,Rural,1951.0,115900
1093.0,2.0,1.0,Rural,1966.0,165800
4114.0,6.0,5.0,Urban,1998.0,668400
697.0,1.0,1.0,Suburb,1990.0,139300
2928.0,4.0,3.0,Urban,1988.0,489700
2270.0,3.0,2.0,Rural,2001.0,330300
1546.0,3.0,3.0,Rural,1951.0,267100
3638.0,6.0,5.0,Rural,1993.0,547700
1741.0,3.0,3.0,Suburb,1964.0,291100
3632.0,6.0,5.0,Urban,1969.0,593100
3286.0,4.0,4.0,Suburb,2012.0,499600
1494.0,3.0,2.0,Suburb,1965.0,251200
3521.0,5.0,3.0,Suburb,1999.0,481300
3540.0,4.0,2.0,Rural,2001.0,476900
2512.0,4.0,3.0,Suburb,2000.0,400100
3365.0,6.0,4.0,Urban,1997.0,573400
2688.0,4.0,3.0,Urban,1954.0,492800
2476.0,3.0,3.0,Suburb,2008.0,411700
2298.0,4.0,3.0,Suburb,1976.0,395600
2396.0,3.0,1.0,Suburb,1955.0,295800
2352.0,3.0,2.0,Rural,1999.0,368500
3838.0,6.0,5.0,Suburb,2000.0,594100
1669.0,3.0,2.0,Suburb,1981.0,266700
2614.0,5.0,4.0,Rural,1965.0,413700
1591.0,2.0,1.0,Rural,1969.0,180700
1239.0,2.0,1.0,Rural,1966.0,136800
1664.0,3.0,2.0,Urban,1988.0,248700
3730.0,6.0,4.0,Suburb,1990.0,563300
3119.0,5.0,4.0,Suburb,2019.0,494500
1893.0,3.0,2.0,Suburb,1972.0,295200
1730.0,2.0,2.0,Urban,1954.0,306600
848.0,2.0,1.0,Rural,2006.0,156500
4043.0,6.0,4.0,Suburb,1966.0,583600
3937.0,5.0,4.0,Urban,1991.0,570200
3154.0,5.0,4.0,Suburb,2000.0,475100
2506.0,3.0,3.0,Suburb,1992.0,426800
3499.0,6.0,5.0,Urban,1975.0,568700
861.0,1.0,1.0,Suburb,1979.0,144200
2876.0,4.0,2.0,Suburb,1987.0,448400
2363.0,4.0,3.0,Rural,1993.0,334800
2122.0,4.0,3.0,Suburb,2015.0,340800
3054.0,5.0,4.0,Rural,1982.0,433900
3252.0,4.0,3.0,Suburb,1951.0,482400
1315.0,1.0,1.0,Rural,2004.0,144300
2956.0,4.0,3.0,Suburb,1970.0,410600
2060.0,4.0,3.0,Rural,2007.0,343100
683.0,1.0,1.0,Urban,2003.0,145100
2932.0,5.0,4.0,Suburb,1965.0,471000
4160.0,6.0,4.0,Rural,2013.0,566600
3192.0,5.0,3.0,Rural,2004.0,469900
4079.0,6.0,4.0,Rural,1975.0,579500
2441.0,2.0,1.0,Urban,1991.0,354800
1880.0,4.0,3.0,Rural,2006.0,283700
3638.0,6.0,4.0,Suburb,1994.0,553700
2009.0,3.0,2.0,Urban,2002.0,355200
2675.0,4.0,3.0,Suburb,2017.0,430500
1347.0,2.0,2.0,Suburb,2008.0,224600
1887.0,3.0,2.0,Rural,1955.0,327000
1640.0,2.0,1.0,Urban,1979.0,300300
2235.0,4.0,3.0,Urban,1972.0,442600
2118.0,4.0,3.0,Urban,1986.0,381900
886.0,1.0,1.0,Suburb,1975.0,129000
3443.0,6.0,5.0,Suburb,1995.0,543800
2516.0,4.0,3.0,Rural,1997.0,360900
1935.0,3.0,3.0,Urban,2006.0,351000
832.0,1.0,1.0,Suburb,1952.0,135400
2999.0,5.0,3.0,Suburb,1964.0,446500
2620.0,4.0,3.0,Suburb,1975.0,415300
1891.0,2.0,2.0,Rural,1952.0,256100
2179.0,3.0,3.0,Urban,2009.0,378700
4020.0,6.0,4.0,Suburb,2010.0,566900
1464.0,2.0,2.0,Rural,1992.0,260300
3918.0,6.0,5.0,Suburb,1974.0,580700
2712.0,5.0,5.0,Rural,1987.0,414800
1274.0,2.0,1.0,Suburb,1986.0,180700
1353.0,3.0,3.0,Suburb,1996.0,281900
2006.0,3.0,2.0,Rural,1988.0,323900
2634.0,4.0,4.0,Suburb,2019.0,422900
2643.0,5.0,5.0,Suburb,1994.0,482500
1741.0,2.0,2.0,Rural,2008.0,252000
1145.0,1.0,1.0,Rural,1954.0,153300
2308.0,4.0,3.0,Rural,2021.0,381500
895.0,1.0,1.0,Rural,1961.0,148300
1702.0,3.0,2.0,Rural,1985.0,278100
3777.0,5.0,4.0,Suburb,2005.0,565300
1446.0,3.0,2.0,Rural,2013.0,227300
3505.0,6.0,5.0,Suburb,1979.0,529500
2600.0,4.0,2.0,Rural,1979.0,349500
3274.0,5.0,3.0,Suburb,2017.0,482600
3891.0,6.0,4.0,Rural,2005.0,594600
3459.0,5.0,4.0,Suburb,2020.0,506800
1619.0,3.0,3.0,Suburb,1962.0,278900
3650.0,6.0,4.0,Rural,2009.0,532200
2483.0,4.0,3.0,Suburb,1998.0,406100
3982.0,6.0,5.0,Suburb,1994.0,603900
756.0,1.0,1.0,Rural,1981.0,78900
3722.0,5.0,4.0,Suburb,1982.0,591700
3916.0,6.0,4.0,Urban,1998.0,630300
2989.0,5.0,4.0,Rural,2018.0,478600
898.0,1.0,2.0,Suburb,1959.0,140400
4170.0,6.0,4.0,Urban,2020.0,681700
2682.0,3.0,2.0,Urban,1966.0,460800
2149.0,4.0,2.0,Rural,2010.0,338000
2945.0,5.0,3.0,Suburb,2005.0,513700
1576.0,2.0,2.0,Suburb,1996.0,249600
2941.0,5.0,3.0,Urban,1956.0,480000
1476.0,2.0,1.0,Urban,1970.0,252000
1705.0,3.0,3.0,Suburb,1958.0,256000
4054.0,6.0,5.0,Suburb,1966.0,606500
1195.0,2.0,2.0,Suburb,1968.0,178500
1376.0,1.0,1.0,Suburb,1952.0,228000
897.0,3.0,2.0,Urban,1982.0,240200
3730.0,5.0,4.0,Urban,1972.0,571000
3123.0,5.0,4.0,Rural,2001.0,415100
3817.0,6.0,4.0,Suburb,1975.0,605500
953.0,1.0,1.0,Suburb,1979.0,146300
3340.0,5.0,5.0,Suburb,1990.0,550000
1781.0,3.0,3.0,Urban,1989.0,315800
2198.0,3.0,3.0,Suburb,1989.0,356000
3584.0,6.0,5.0,Suburb,1967.0,561700
1225.0,1.0,1.0,Urban,1975.0,211900
2829.0,4.0,3.0,Rural,2019.0,410400
1277.0,2.0,2.0,Suburb,1970.0,219800
3314.0,6.0,5.0,Rural,1995.0,486200
1264.0,1.0,1.0,Urban,2008.0,248100
3889.0,6.0,5.0,Urban,1996.0,629100
1217.0,1.0,1.0,Urban,1952.0,199600
4190.0,6.0,5.0,Rural,1975.0,603900
3728.0,5.0,3.0,Suburb,1994.0,554800
3134.0,5.0,4.0,Urban,2006.0,513800
2318.0,4.0,3.0,Urban,1950.0,432900
1185.0,1.0,1.0,Urban,1973.0,230300
1055.0,2.0,2.0,Urban,1962.0,223800
3115.0,4.0,4.0,Suburb,1968.0,453300
1656.0,2.0,1.0,Urban,2000.0,300900
660.0,1.0,1.0,Suburb,2006.0,152100
2220.0,3.0,1.0,Suburb,2021.0,346400
3541.0,5.0,4.0,Suburb,1970.0,533900
3734.0,6.0,5.0,Suburb,2021.0,568200
2541.0,4.0,3.0,Urban,2014.0,390100
2636.0,5.0,4.0,Suburb,1988.0,455700
2270.0,4.0,3.0,Suburb,2007.0,352900
2696.0,4.0,3.0,Urban,1956.0,431700
3917.0,6.0,4.0,Suburb,1971.0,572400
1063.0,2.0,2.0,Urban,2012.0,207500
1587.0,2.0,1.0,Suburb,1965.0,278800
2012.0,3.0,2.0,Rural,1965.0,285000
1210.0,1.0,1.0,Urban,1990.0,212300
959.0,1.0,1.0,Rural,1976.0,101400
1558.0,2.0,2.0,Rural,2002.0,257600
1753.0,2.0,2.0,Suburb,2003.0,288300
3079.0,5.0,4.0,Rural,1971.0,457800
3758.0,6.0,3.0,,2016.0,566200
1484.0,2.0,1.0,Urban,1989.0,247900
2628.0,4.0,3.0,Urban,1972.0,466800
3138.0,5.0,4.0,Suburb,1976.0,479500
740.0,1.0,1.0,Suburb,1976.0,104800
3183.0,5.0,4.0,Rural,1956.0,482400
1653.0,3.0,2.0,Suburb,1953.0,257000
2335.0,4.0,2.0,Suburb,2017.0,375900
1905.0,3.0,2.0,Rural,1991.0,294800
3759.0,5.0,4.0,Urban,1958.0,597900
4143.0,6.0,4.0,Suburb,2009.0,631700
2144.0,3.0,3.0,Suburb ,2021.0,364300
2314.0,4.0,3.0,Suburb,1962.0,332500
4091.0,6.0,5.0,Suburb,1957.0,619000
2606.0,4.0,3.0,Suburb,2006.0,411300
1826.0,3.0,1.0,Suburb,2005.0,287700
736.0,1.0,1.0,Suburb,1977.0,128600
2515.0,3.0,3.0,Suburb,1955.0,352200
1600.0,2.0,1.0,Urban,1951.0,279300
1750.0,2.0,1.0,Suburb,2008.0,244700
1170.0,1.0,1.0,Urban,1983.0,236700
1613.0,2.0,1.0,Urban,1964.0,317100
2099.0,2.0,1.0,Rural,1981.0,291400
3605.0,5.0,4.0,Urban,1974.0,550300
1458.0,2.0,2.0,Suburb,2010.0,270900
681.0,1.0,1.0,Suburb,1986.0,117200
2907.0,4.0,3.0,Suburb,1998.0,432000
2327.0,3.0,3.0,Urban,1954.0,414800
4062.0,6.0,5.0,Urban,1962.0,674500
2006.0,3.0,2.0,Suburb,1988.0,310800
3282.0,5.0,4.0,Urban,1968.0,534500
2584.0,4.0,3.0,Suburb,2010.0,466100
1434.0,2.0,2.0,Urban,1989.0,265000
2805.0,5.0,4.0,Suburb,2017.0,462700
1569.0,3.0,2.0,Suburb,1983.0,223400
2901.0,5.0,4.0,Rural,2001.0,477200
3594.0,6.0,4.0,Urban,1983.0,626700
2533.0,3.0,2.0,Rural,1984.0,341500
2302.0,2.0,2.0,Urban,1992.0,367500
3342.0,5.0,3.0,Suburb,1968.0,476000
3213.0,5.0,3.0,Urban,1981.0,501500
2963.0,4.0,3.0,Suburb,1962.0,458000
2440.0,3.0,3.0,Suburb,2014.0,393200
4186.0,6.0,4.0,Suburb,1971.0,649900
1835.0,2.0,1.0,Urban,1967.0,274000
1567.0,2.0,2.0,Suburb,1960.0,246000
1556.0,4.0,3.0,Urban,2020.0,301800
1864.0,2.0,1.0,Suburb,1990.0,271600
2916.0,4.0,4.0,Urban,1978.0,501000
2822.0,5.0,3.0,Suburb,2009.0,392000
1193.0,2.0,1.0,Urban,1997.0,243900
3327.0,4.0,3.0,Suburb,2017.0,499200
2388.0,4.0,,Suburb,1974.0,379000
2074.0,3.0,2.0,Urban,1996.0,391700
889.0,1.0,1.0,Rural,2007.0,152200
3579.0,6.0,5.0,Suburb,1994.0,574200
2219.0,3.0,2.0,Suburb,2000.0,356700
3448.0,5.0,3.0,Suburb,1993.0,506400
1676.0,1.0,1.0,Urban,1989.0,295400
3322.0,4.0,3.0,Rural,2018.0,537700
2783.0,6.0,4.0,Rural,2000.0,431500
2537.0,5.0,4.0,Suburb,1982.0,431900
2819.0,3.0,2.0,Rural,2007.0,395500
3125.0,5.0,3.0,Rural,1971.0,488800
1644.0,2.0,2.0,Suburb,1968.0,261800
2888.0,4.0,4.0,Urban,1969.0,454000
2385.0,4.0,4.0,Urban,2009.0,435800
804.0,1.0,1.0,Suburb,1994.0,138200
694.0,1.0,2.0,Urban,1985.0,171600
3388.0,5.0,5.0,Rural,1959.0,509900
1674.0,3.0,3.0,Rural,1978.0,290900
1576.0,3.0,2.0,Suburb,2010.0,276100
1251.0,3.0,2.0,Rural,1979.0,173800
3233.0,4.0,4.0,Rural,1957.0,444000
2022.0,3.0,1.0,Rural,1972.0,256000
4192.0,6.0,4.0,Suburb,1999.0,619200
815.0,1.0,1.0,Rural,2003.0,97800
4086.0,5.0,4.0,Rural,1967.0,603700
1792.0,2.0,2.0,Suburb,1951.0,218000
3579.0,6.0,5.0,Suburb,1997.0,574900
1524.0,2.0,1.0,Urban,2005.0,276600
2863.0,5.0,4.0,Urban,2003.0,441700
1216.0,3.0,3.0,Suburb,2016.0,215500
3547.0,6.0,4.0,Rural,2001.0,494800
1930.0,3.0,2.0,Rural,1978.0,293500
2257.0,3.0,2.0,Suburb,2011.0,343000
3192.0,5.0,4.0,Suburb,1957.0,462800
2785.0,4.0,3.0,Suburb,1997.0,450700
3647.0,4.0,3.0,Rural,1970.0,495000
3988.0,6.0,5.0,Urban,1961.0,661700
1359.0,2.0,2.0,Urban,2004.0,261300
2500.0,4.0,4.0,Suburb,1962.0,387300
3707.0,6.0,4.0,Suburb,2014.0,584400
3705.0,6.0,4.0,Rural,2015.0,570300
2771.0,4.0,2.0,Urban,1954.0,438800
3310.0,5.0,3.0,Rural,1964.0,433700
2412.0,3.0,2.0,Suburb,1958.0,308400
2901.0,4.0,3.0,Urban,1958.0,462000
2743.0,5.0,3.0,Rural,1992.0,410600
655.0,1.0,1.0,Suburb,1955.0,111400
1851.0,3.0,3.0,Urban,1984.0,331100
1703.0,3.0,3.0,Suburb,1953.0,252000
3298.0,5.0,4.0,Suburb,1961.0,503000
3707.0,5.0,5.0,Suburb,1950.0,563600
2213.0,3.0,1.0,Rural,1989.0,307400
3940.0,6.0,4.0,Suburb,1993.0,593700
2569.0,5.0,3.0,Suburb,2017.0,399300
2372.0,4.0,4.0,Suburb,1989.0,392400
2899.0,4.0,2.0,Urban,1998.0,479100
2956.0,5.0,4.0,Rural,1987.0,418300
3602.0,5.0,3.0,Suburb,2015.0,574700
4181.0,6.0,4.0,Rural,1956.0,604100
3766.0,5.0,4.0,Urban,1965.0,592400
2657.0,5.0,4.0,Suburb,1956.0,422600
1296.0,1.0,1.0,Urban,1959.0,210100
2487.0,3.0,2.0,Suburb,2010.0,370300
3972.0,6.0,5.0,Suburb,2010.0,606000
2464.0,4.0,3.0,Rural,1957.0,337600
3185.0,5.0,4.0,Suburb,2021.0,484700
884.0,1.0,1.0,Suburb,1978.0,142700
3492.0,5.0,4.0,Urban,1988.0,558900
1286.0,1.0,1.0,RURAL,1997.0,192900
2065.0,4.0,2.0,Rural,1968.0,354500
4060.0,6.0,5.0,Suburb,1954.0,620100
1179.0,1.0,1.0,Suburb,2008.0,192000
926.0,2.0,1.0,Suburb,1979.0,142500
2074.0,4.0,3.0,Urban,1998.0,353000
1854.0,2.0,2.0,Rural,1980.0,289600
3261.0,4.0,3.0,Suburb,1999.0,475100
3932.0,6.0,4.0,Rural,2010.0,549100
1380.0,2.0,1.0,Rural,2007.0,207700
2517.0,3.0,3.0,Suburb,1971.0,396300
1426.0,2.0,2.0,Rural,1998.0,232200
1434.0,2.0,2.0,Rural,1992.0,213300
3845.0,5.0,4.0,Suburb,2015.0,603100
1500.0,2.0,1.0,Rural,1957.0,247600
884.0,1.0,1.0,Suburb,1967.0,101700
1068.0,2.0,1.0,Suburb,1980.0,218500
1804.0,3.0,3.0,Urban,2013.0,386500
1825.0,4.0,3.0,Rural,1994.0,325800
4055.0,6.0,4.0,Suburb,1964.0,597400
2747.0,4.0,3.0,Suburb,1956.0,407000
1826.0,3.0,1.0,Suburb,2005.0,287700
787.0,2.0,1.0,Urban,1976.0,177300
3195.0,4.0,2.0,Suburb,1987.0,443500
2593.0,5.0,4.0,Rural,1970.0,399700
3141.0,6.0,4.0,Urban,1989.0,545800
2287.0,4.0,3.0,Suburb,2014.0,378900
1973.0,4.0,3.0,Suburb,1978.0,326400
3872.0,5.0,4.0,Urban,1998.0,591700
1811.0,3.0,2.0,Suburb,1994.0,300600
3154.0,5.0,3.0,Suburb ,1966.0,476800
2643.0,3.0,2.0,Urban,1980.0,404500
819.0,1.0,1.0,Suburb,1966.0,135900
1144.0,2.0,1.0,Urban,2000.0,231200
1149.0,2.0,1.0,Rural,2006.0,160200
826.0,1.0,1.0,Rural,1988.0,96600
2720.0,4.0,3.0,Rural,1982.0,374200
1500.0,3.0,2.0,Urban,1999.0,284100
2148.0,4.0,3.0,Urban,1953.0,411400
1444.0,2.0,2.0,Urban,1989.0,270500
2493.0,3.0,2.0,Suburb,2010.0,349000
788.0,1.0,2.0,Suburb,1964.0,178000
2054.0,3.0,1.0,Suburb,1994.0,299400
1916.0,5.0,4.0,Suburb,1954.0,334700
3012.0,5.0,3.0,Suburb,1967.0,382100
809.0,2.0,1.0,Suburb,1992.0,156200
1663.0,4.0,3.0,Rural,1988.0,239500
1021.0,2.0,1.0,Suburb,1952.0,134800
1798.0,3.0,2.0,Suburb,2015.0,285900
2604.0,4.0,2.0,Rural,1957.0,365100
3907.0,5.0,4.0,Suburb,1954.0,557200
2231.0,4.0,3.0,Suburb,1991.0,358100
1654.0,3.0,2.0,Suburb,1969.0,246800
1503.0,2.0,2.0,Urban,1989.0,266100
1484.0,2.0,1.0,Urban,1971.0,239400
880.0,2.0,1.0,Suburb,1985.0,165900
1969.0,3.0,2.0,Rural,1957.0,274600
1805.0,3.0,3.0,Suburb,2000.0,309400
1040.0,1.0,1.0,Urban,1978.0,236500
1610.0,3.0,3.0,Rural,2006.0,269800
1087.0,3.0,2.0,Urban,1981.0,207000
1757.0,3.0,3.0,Urban,2012.0,321800
1594.0,3.0,2.0,Suburb,1972.0,229800
999.0,2.0,1.0,Suburb,1997.0,159200
3549.0,4.0,3.0,Suburb,2007.0,564800
2391.0,3.0,2.0,Urban,2010.0,434100
2310.0,3.0,3.0,Urban,2015.0,407100
1523.0,3.0,2.0,Rural,1995.0,235400
1130.0,2.0,2.0,Rural,1985.0,232800
1056.0,1.0,1.0,Urban,1983.0,253500
2574.0,5.0,3.0,Suburb,1979.0,422000
3298.0,5.0,4.0,Urban,1970.0,550900
2111.0,3.0,2.0,Urban,2013.0,368700
2290.0,5.0,3.0,Suburb,2009.0,401600
1528.0,2.0,1.0,Rural,1967.0,236800
4035.0,6.0,4.0,Suburb,1970.0,575500
2684.0,4.0,4.0,Rural,1956.0,419300
1374.0,3.0,3.0,Suburb,1957.0,260800
2626.0,3.0,2.0,Urban,2003.0,424500
1345.0,1.0,1.0,Rural,1980.0,174400
981.0,1.0,1.0,Urban,2013.0,211600
2378.0,4.0,3.0,Suburb,1996.0,384700
1961.0,3.0,2.0,Suburb,2010.0,349100
4133.0,6.0,5.0,Rural,1996.0,597400
2017.0,1.0,1.0,Suburb,1958.0,278600
824.0,1.0,1.0, Urban,2011.0,162600
1961.0,3.0,2.0,Rural,1964.0,300900
3174.0,4.0,3.0,Urban,1968.0,522100
2400.0,4.0,3.0,Urban,1967.0,467200
799.0,1.0,1.0,Suburb,2018.0,163700
2708.0,4.0,3.0,Suburb,1998.0,465300
1594.0,3.0,1.0,Rural,1987.0,199600
3002.0,5.0,4.0,Suburb,2001.0,436500
1449.0,3.0,2.0,Suburb,1950.0,227200
3809.0,5.0,3.0,Suburb,2018.0,565100
2528.0,3.0,2.0,Rural,1967.0,321800
2489.0,3.0,2.0,Suburb,1967.0,361400
1557.0,2.0,1.0,Suburb,1964.0,206100
1922.0,4.0,3.0,Rural,1975.0,236800
1582.0,2.0,2.0,Suburb,1991.0,248800
1369.0,2.0,2.0,Rural,1971.0,178800
3241.0,6.0,4.0,Urban,1987.0,558900
3647.0,6.0,5.0,Rural,2006.0,559600
4017.0,6.0,5.0,Rural,1971.0,601200
3478.0,6.0,5.0,Urban,2015.0,587200
805.0,1.0,1.0,Urban,1994.0,208100
3299.0,5.0,4.0,Rural,1978.0,464300
3738.0,6.0,5.0,Rural,2012.0,555000
1743.0,3.0,3.0,Suburb,1966.0,338400
1640.0,3.0,2.0,Suburb,1974.0,264600
2389.0,3.0,2.0,Rural,1963.0,329100
3192.0,5.0,4.0,Suburb,2005.0,458300
3286.0,6.0,5.0,Suburb,1965.0,484400
3563.0,4.0,3.0,Urban,1985.0,544400
3594.0,5.0,5.0,Suburb,1958.0,564100
4029.0,6.0,5.0,Rural,2018.0,622000
1564.0,3.0,2.0,Urban,1988.0,287600
2516.0,4.0,3.0,Urban,2010.0,456600
3185.0,5.0,4.0,Suburb,2021.0,484700
3127.0,6.0,5.0,Urban,1998.0,525500
3384.0,5.0,4.0,Suburb,2013.0,508800
2033.0,3.0,2.0,Rural,1959.0,267700
2175.0,3.0,3.0,Urban,1964.0,392500
3719.0,5.0,4.0,Urban,1975.0,581800
2418.0,4.0,3.0,Suburb,1967.0,380300
3439.0,5.0,4.0,Urban,1979.0,562200
1985.0,3.0,2.0,Urban,1959.0,333100
1709.0,2.0,2.0,Urban,1968.0,276000
1742.0,2.0,2.0,Urban,2003.0,286000
3127.0,5.0,5.0,Suburb,1989.0,512400
756.0,1.0,1.0,Suburb,2011.0,158800
3324.0,5.0,4.0,Suburb,2019.0,531200
4078.0,6.0,4.0,Urban,1969.0,602900
3834.0,5.0,3.0,Suburb,1989.0,563200
2050.0,4.0,3.0,Suburb,1951.0,348700
4194.0,6.0,5.0,Rural,1962.0,610300
868.0,1.0,1.0,Suburb,1995.0,143700
3222.0,5.0,3.0,Suburb,2016.0,497700
969.0,2.0,2.0,Urban,1977.0,240600
3588.0,5.0,4.0,Suburb,2019.0,530400
3357.0,5.0,4.0,Rural,1951.0,491700
1880.0,3.0,2.0,Urban,1989.0,326200
3122.0,5.0,3.0,Rural,1964.0,471900
3951.0,5.0,4.0,Rural,1985.0,595300
2115.0,4.0,3.0,Rural,1955.0,319400
3722.0,6.0,4.0,Urban,1981.0,634100
3409.0,5.0,4.0,Urban,1983.0,556700
1275.0,3.0,3.0,Urban,1959.0,272000
3550.0,6.0,4.0,Suburb,1981.0,530000
3384.0,5.0,4.0,Urban,1977.0,552400
3672.0,5.0,4.0,Urban,1976.0,558400
2505.0,4.0,4.0,Rural,2014.0,399200
3685.0,6.0,4.0,Suburb,1996.0,568700
3614.0,6.0,4.0,Suburb,1978.0,529500
3050.0,5.0,3.0,Urban,1981.0,532300
3750.0,6.0,4.0,Rural,1960.0,522300
1826.0,3.0,2.0,Suburb,2015.0,297700
689.0,1.0,1.0,Urban,1967.0,115300
2530.0,3.0,3.0,Rural,2014.0,354000
3702.0,6.0,4.0,Suburb,2021.0,578500
1530.0,2.0,1.0,Urban,1990.0,245800
1295.0,2.0,1.0,Urban,2020.0,277100
4096.0,6.0,4.0,Suburb,2002.0,619700
716.0,2.0,1.0,Suburb,1958.0,108200
2506.0,4.0,3.0,Suburb,1975.0,373700
3476.0,6.0,4.0,Rural,2004.0,543600
3796.0,5.0,3.0,Suburb,2001.0,534100
2190.0,3.0,3.0,Suburb,1981.0,316300
3960.0,6.0,4.0,Urban,1979.0,609100
2582.0,4.0,5.0,Urban,1992.0,508100
3474.0,6.0,5.0,Suburb,2020.0,571300
4075.0,6.0,4.0,Urban,1987.0,619400
2257.0,4.0,3.0,Rural,1953.0,373000
1530.0,1.0,1.0,Urban,1977.0,258900
2633.0,5.0,4.0,Rural,1957.0,385200
2787.0,5.0,3.0,Suburb,2002.0,440100
3627.0,6.0,5.0,Suburb,2014.0,579800
3900.0,6.0,5.0,Suburb,2017.0,602300
2549.0,5.0,3.0,Urban,1967.0,410400
754.0,2.0,3.0,Urban,1959.0,208500
3728.0,6.0,5.0,Rural,1969.0,590000
2757.0,4.0,3.0,Suburb,1985.0,403400
1257.0,1.0,1.0,Urban,1958.0,226300
3534.0,4.0,3.0,Suburb,1981.0,482000
2698.0,5.0,4.0,Suburb,1968.0,455000
2009.0,2.0,1.0,Suburb,1975.0,259200
